Study ID	Study Title
ST000269	Diacylglyceride and Ceramide analysis in TFD mice
ST000665	Nonalcoholic fatty liver disease (NAFLD) Studies
ST000677	Nonalcoholic steatohepatitis (NASH) changes with S.Q. Leptin administrations
ST000678	Functional genomics study on Non Alcoholic fatty liver disease (NAFLD)
ST000679	Functional genomics study on Non Alcoholic fatty liver disease (NAFLD) - part II
ST000680	Functional genomics study on Non Alcoholic fatty liver disease (NAFLD) - part III
ST000685	Lipidomics analysis for human liver cell lines
ST000915	Biomarkers of NAFLD progression: a lipidomics approach to an epidemic. Part 2:Liver
ST000916	Biomarkers of NAFLD progression: a lipidomics approach to an epidemic. Part 2:Plasma
ST000917	Biomarkers of NAFLD progression: a lipidomics approach to an epidemic. Part 3:Urine
ST000977	Identification of unique metabolite networks between Latino and Caucasian patients with nonalcoholic fatty liver disease (NAFLD)
ST001185	Genetic and metabolic characterization of bioengineered human fatty liver tissue with modified SIRT1 expression
ST001428	Role of environmental toxicants in modulating disease severity in children with NAFLD
ST001680	Metabolome of NAFLD in high fat diet mouse model
ST001710	Metabolic signatures of NAFLD - Lipidomics data (part 1 of 3)
ST001711	Metabolic signatures of NAFLD - Polar metabolomics data (part II)
ST001842	Identification of unique metabolite networks between Latino and Caucasian patients with nonalcoholic fatty liver disease (NAFLD) (part I)
ST001843	Identification of unique metabolite networks between Latino and Caucasian patients with nonalcoholic fatty liver disease (NAFLD) (part II)
ST001844	Identification of unique metabolite networks between Latino and Caucasian patients with nonalcoholic fatty liver disease (NAFLD) (part III)
ST001845	Identification of unique metabolite networks between Latino and Caucasian patients with nonalcoholic fatty liver disease (NAFLD) (part IV)
ST001919	Exposure to environmental contaminants is associated with alterations in hepatic lipid metabolism in non-alcoholic fatty liver disease
ST001964	Quantitative genome-scale analysis of human liver reveals dysregulation of glycosphingolipid pathways in progressive nonalcoholic fatty liver disease
ST002057	Distinct Human Hepatocyte Lipidomics Profiles for Nonalcoholic Steatohepatitis and In Vitro-Induced Steatosis
ST002091	Serum lipids are associated with nonalcoholic fatty liver disease: a pilot case-control study in Mexico
ST002093	Lipidomics of High Fat vs Control Mice
ST002097	Functional metabolomics-based molecular profiling of acute and chronic hepatitis (Liver Metabolomics)
ST002098	Functional metabolomics-based molecular profiling of acute and chronic hepatitis (Serum Metabolomics)
ST002099	Functional metabolomics-based molecular profiling of acute and chronic hepatitis (Stool Metabolomics)
ST002100	Functional metabolomics-based molecular profiling of acute and chronic hepatitis (Human Serum Metabolomics)
ST002101	Functional metabolomics-based molecular profiling of acute and chronic hepatitis (Liver Lipidomics)
ST002156	Mouse liver metabolites
ST002182	Amelioration of developmental programming of NAFLD in weanling liver using PQQ
ST002191	Amelioration of developmental programming of NAFLD in fetal liver using PQQ
ST002192	Amelioration of developmental programming of NAFLD in adult liver using PQQ
ST002269	Targeted plasma metabolomics in pediatric NAFLD patients
ST002396	p53 K316P mutation results in increased liver triglyceride levels and increased rates of de novo lipogenesis.
ST002480	Impact of in-utero exposures to per- and polyfluoroalkyl substances on the human fetal liver metabolome
ST002487	Simultaneous targeting of PD-1 and IL2Rβγ with radiation therapy to inhibit pancreatic cancer growth and metastasis - mouse spleen and lymph node T-cell metabolomics
ST002488	Simultaneous targeting of PD-1 and IL2Rβγ with radiation therapy to inhibit pancreatic cancer growth and metastasis - T-cell tracing supernatants
ST002489	Simultaneous targeting of PD-1 and IL2Rβγ with radiation therapy to inhibit pancreatic cancer growth and metastasis
ST002514	The investigation of the role of dietary inulin in NASH progression with mouse fecal metabolites
ST002520	The investigation of the role of dietary inulin in Non-alcoholic Steatohepatitis (NASH) progression with portal vein serum metabolites
ST002722	Cirrhosis-related metabolomics study
ST002756	Prj171_Mm_TCDD_RDDR-28D_Male
ST003175	Inactivation of mitochondrial MUL1 E3 ubiquitin ligase inhibits lipogenesis and prevents diet-induced obesity in mice
ST003326	Lipidome profiling in non-alcoholic steatohepatitis identifies phosphatidylserine synthase 1 as a regulator of hepatic lipoprotein metabolism
ST003378	Effects of Aldehydes on lipid metabolism in mice
ST003422	Impact of ACLY and ACSS2 on the development of MASLD and phosphatidylcholines levels on longterm Western diet
ST003423	Impact of ACLY and ACSS2 on the development of MASLD on longterm Western diet
ST003475	Intracellular metabolome and Intracellular metabolic pathway prediction
ST003529	Measurement of itaconic acid in liver of male mice treated with TCDD
ST003641	The Spatial Transcriptional Activity of Hepatic TCF7L2 Regulates Zonated Metabolic Pathways that Contribute to Liver Fibrosis
ST003698	Impact of High Fat diet-induced metabolic dysfunction-associated steatotic liver disease (MASLD) on Heart, Kidney and Skeletal Muscle Metabolomes in Wild-type Mice
ST003957	Spatial transcriptomic profiling of gene expression alterations following ACBP/DBI inhibition in a MASH-Driven HCC mouse model
ST004035	Serum Metabolites at Defined Stages of Liver Disease
ST004090	Impaired hepatic circadian clock selectively disrupts cholesterol metabolism and exacerbates the progression of metabolic dysfunction-associated steatohepatitis (MASH)
ST004110	Lipidomics characterization from plasma VLDL fractions isolated from human PNPLA3 wild type and human PNPLA3(I148M) knock in mice.
ST004125	Metabolite profiling in the glycerol kinase (GK), GPD1 and GAPDH genes into the reconstituted ChREBPα-MLX HEK293T system alongside green fluorescent protein (GFP).
ST004126	Glyc3P, hexose phosphates, and pentose phosphates measurements in citrin deficiency.
ST004181	The Ability of Dietary Polyunsaturated Fatty Acids to Protect Against Liver Inflammation and Non-Alcoholic Steatohepatitis (NASH) is Dependent on Gut Microbes
ST004533	Non-Targeted Metabolomic Analysis of AML12 Cells with NMT2 Knockdown
ST004536	Non-Targeted lipidomics of AML12 Cells with NMT2 Knockdown.
ST004599	Cross-organ multi-omics profiling of microbiome and metabolome along the gut–liver axis in MASH model mice induced by Western diet and MC4R knockout
ST004708	Lipidomic profiling of control and MASH iPSC-derived liver organoids using LC-MS/MS
ST004715	Untargeted serum metabolomics comparison between metabolically healthy and metabolically unhealthy obesity in children
ST004893	Non-enzymatic hepatic ABHD6 interacts with Akt-FoxO1 axis to regulate metabolic health
ST005120	QGJZ Untargeted Hepatic Lipidomics in HFD-Induced MASLD Mice